time,type,collection_id,priority,instance_index,resource_request.cpus,resource_request.memory
116009823021,8,260384711820,200,3,0.114501953125,0.011932373046875
283211812846,8,6315539196,103,450,0.05987548828125,0.016937255859375
472958254803,8,6315539196,103,450,0.05987548828125,0.016937255859375
512956470938,8,6315539196,103,450,0.05987548828125,0.016937255859375
0,8,9907099811,200,13,0.01141357421875,0.005706787109375
0,8,9907099811,200,13,0.01141357421875,0.005706787109375
326785059887,8,110141467526,200,138,0.017608642578125,0.0042877197265625
491366367690,8,6863457189,200,27,0.00440216064453125,0.00547027587890625
451340025894,8,113314122391,200,3,0.00440216064453125,0.006500244140625
25697455884,5,110141467526,200,407,0.017608642578125,0.0042877197265625
32639060300,5,110141467526,200,407,0.017608642578125,0.0042877197265625
73874902478,5,110141467526,200,407,0.017608642578125,0.0042877197265625
526107046090,8,11027259710,200,485,0.001918792724609375,0.003894805908203125
169932728317,8,79136489,200,33,0.02130126953125,0.00771331787109375
261356638796,8,221049983013,200,51,0.114501953125,0.0616455078125
572982084256,8,6928730916,200,77,0.229248046875,0.03424072265625
438467103949,8,2336581092,200,233,0.05987548828125,0.0234375
434126162459,8,2336581092,200,229,0.05987548828125,0.0234375
29250262212,8,9907050679,200,743,0.00116729736328125,0.00569915771484375
421041431422,8,1976875595,200,78,0.04400634765625,0.00640869140625
369104928566,6,279575988536,200,0,0.0005283355712890625,0.0011768341064453125
262722401175,8,9907075218,200,189,0.020721435546875,0.001068115234375
569316199151,8,9907075218,200,189,0.020721435546875,0.001068115234375
446856153890,8,110141467526,200,261,0.017608642578125,0.0042877197265625
475147737144,8,126709616363,200,42,0.0016117095947265625,0.002590179443359375
578973754847,5,9907081267,200,5,0.03143310546875,0.002590179443359375
579019668028,5,9907081267,200,5,0.03143310546875,0.002590179443359375
255092048546,8,6315539196,103,247,0.05987548828125,0.016937255859375
287429171517,8,6315539196,103,247,0.05987548828125,0.016937255859375
584468843838,8,273953075634,200,0,0.0572509765625,0.0670166015625
188733770305,5,9907127672,200,53,0.008026123046875,0.002590179443359375
510851640108,8,10990102952,200,232,0.0007085800170898438,0.00125885009765625
193455060128,8,277568180797,360,0,0.006866455078125,0.00016307830810546875
0,8,11027259710,200,761,0.001918792724609375,0.003894805908203125
77151781432,8,110141467526,200,245,0.017608642578125,0.0042877197265625
77161911120,8,110141467526,200,245,0.017608642578125,0.0042877197265625
523243405827,8,110141467526,200,245,0.017608642578125,0.0042877197265625
0,8,110141467526,200,245,0.017608642578125,0.0042877197265625
245348291239,8,110128232045,200,19,0.017608642578125,0.0042877197265625
576057154199,8,110128232045,200,19,0.017608642578125,0.0042877197265625
527759087698,8,2336581092,200,4,0.05987548828125,0.0234375
106182832091,8,9907040432,200,167,0.0156097412109375,0.0130157470703125
405988612945,8,9907050679,200,703,0.00116729736328125,0.00569915771484375
578086290442,8,9907050679,200,703,0.00116729736328125,0.00569915771484375
177473050581,8,248938956221,200,0,0.0572509765625,0.0147247314453125
315681256769,8,9907127931,200,235,0.002582550048828125,0.0018939971923828125
145015165341,8,277163253283,119,0,0.023590087890625,0.002635955810546875
74944275644,8,261051063549,200,1,0.0572509765625,0.0141143798828125
460015505356,8,9907127931,200,17,0.002582550048828125,0.0018939971923828125
408787882823,8,261383522801,200,2,0.0880126953125,0.011932373046875
267534224975,5,9907127672,200,182,0.008026123046875,0.002590179443359375
492597724781,8,233117533324,200,0,0.00759124755859375,0.0013027191162109375
584077257462,8,233117533324,200,0,0.00759124755859375,0.0013027191162109375
431359868321,8,260491331078,103,52,0.09716796875,0.002716064453125
574289777538,5,281363978395,103,227,0.09716796875,0.0104217529296875
574331605568,5,281363978395,103,227,0.09716796875,0.0104217529296875
574956499017,5,281363978395,103,227,0.09716796875,0.0104217529296875
575458194554,5,281363978395,103,227,0.09716796875,0.0104217529296875
513739886752,8,260491323546,103,307,0.09716796875,0.003101348876953125
315753372536,6,276632152458,103,119,0.09716796875,0.00635528564453125
327633896150,6,276661304224,103,73,0.09716796875,0.0068817138671875
343649510752,8,260491317125,103,178,0.09716796875,0.002773284912109375
574294648127,5,281363978395,103,376,0.09716796875,0.0104217529296875
574461834564,5,281363978395,103,376,0.09716796875,0.0104217529296875
574951260849,5,281363978395,103,376,0.09716796875,0.0104217529296875
575449205207,5,281363978395,103,376,0.09716796875,0.0104217529296875
240340822914,8,260491317125,103,199,0.09716796875,0.002773284912109375
327631982878,6,276661304224,103,297,0.09716796875,0.0068817138671875
327635183055,6,276661304224,103,46,0.09716796875,0.0068817138671875
146117577278,8,260491327099,103,83,0.09716796875,0.00311279296875
79881198700,8,276632152458,103,34,0.09716796875,0.0054168701171875
315753167034,6,276632152458,103,34,0.09716796875,0.00635528564453125
315763758069,6,276632152458,103,34,0.09716796875,0.00635528564453125
63780573104,5,276656851316,103,395,0.09716796875,0.0104217529296875
64000110704,5,276656851316,103,395,0.09716796875,0.0104217529296875
472955198961,8,260491327099,103,31,0.09716796875,0.00311279296875
193280695502,8,260491323546,103,244,0.09716796875,0.003101348876953125
176292222889,8,260491325475,103,280,0.09716796875,0.003376007080078125
63770494545,5,276656851316,103,320,0.09716796875,0.0104217529296875
63866540611,5,276656851316,103,320,0.09716796875,0.0104217529296875
327632466301,6,276661304224,103,303,0.09716796875,0.0068817138671875
353997806226,8,261064563507,103,371,0.09716796875,0.003078460693359375
528833519226,8,261064563507,103,277,0.09716796875,0.003078460693359375
63756700157,5,276656851316,103,350,0.09716796875,0.0104217529296875
63846009372,5,276656851316,103,350,0.09716796875,0.0104217529296875
353125156923,8,260491325475,103,53,0.09716796875,0.003376007080078125
251357218969,8,276632152458,103,82,0.09716796875,0.00635528564453125
315752663369,6,276632152458,103,82,0.09716796875,0.00635528564453125
315763758069,6,276632152458,103,82,0.09716796875,0.00635528564453125
418145177169,8,260491326217,103,341,0.09716796875,0.0030975341796875
158710325374,8,276638669193,103,118,0.09716796875,0.00604248046875
494406193857,8,276638669193,103,118,0.09716796875,0.00679779052734375
315753509667,6,276632152458,103,183,0.09716796875,0.00635528564453125
602003352965,8,260491325021,103,3,0.09716796875,0.003795623779296875
348819471864,8,260491331078,103,141,0.09716796875,0.003757476806640625
601796698981,0,281552412746,360,0,0.00022029876708984375,0.00016307830810546875
0,0,276295497828,119,8,0.026153564453125,0.002635955810546875
0,0,9907040432,200,53,0.0156097412109375,0.0130157470703125
40512414629,0,260384711820,200,3,0.114501953125,0.011932373046875
115994051485,0,260384711820,200,3,0.114501953125,0.011932373046875
143460027701,0,260384711820,200,3,0.114501953125,0.011932373046875
490283702111,0,260384711820,200,3,0.114501953125,0.012451171875
564223242027,0,260384711820,200,3,0.114501953125,0.012451171875
0,0,260384711820,200,3,0.114501953125,0.008514404296875
0,0,9907050679,200,334,0.00116729736328125,0.00569915771484375
0,0,126709616363,200,882,0.0016117095947265625,0.002590179443359375
283204038358,0,6315539196,103,450,0.05987548828125,0.016937255859375
472946852742,0,6315539196,103,450,0.05987548828125,0.016937255859375
512879604802,0,6315539196,103,450,0.05987548828125,0.016937255859375
44353447852,0,249784935978,200,122,0.114501953125,0.0670166015625
59929736137,0,249784935978,200,122,0.114501953125,0.0670166015625
137266118082,0,249784935978,200,122,0.114501953125,0.0643310546875
148495471438,0,249784935978,200,122,0.114501953125,0.0643310546875
499721095019,0,249784935978,200,122,0.114501953125,0.0670166015625
579557735152,0,249784935978,200,122,0.114501953125,0.0643310546875
0,0,249784935978,200,122,0.114501953125,0.0670166015625
495054303261,0,280899799940,360,0,0.00022029876708984375,0.00016307830810546875
0,0,9907099811,200,13,0.01141357421875,0.005706787109375
0,0,9907099811,200,13,0.01141357421875,0.005706787109375
0,0,9907075218,200,12,0.020721435546875,0.001068115234375
150719818839,0,110141467526,200,138,0.017608642578125,0.0042877197265625
326775141928,0,110141467526,200,138,0.017608642578125,0.0042877197265625
575651392051,0,110141467526,200,138,0.017608642578125,0.0042877197265625
0,0,110141467526,200,138,0.017608642578125,0.0042877197265625
491357186600,0,6863457189,200,27,0.00440216064453125,0.00547027587890625
0,0,6863457189,200,27,0.00440216064453125,0.00547027587890625
388806173231,0,279931440093,360,0,0.00022029876708984375,0.00016307830810546875
124052452311,0,79136489,200,343,0.02130126953125,0.00771331787109375
451328025557,0,113314122391,200,3,0.00440216064453125,0.006500244140625
0,0,113314122391,200,3,0.00440216064453125,0.006500244140625
0,0,9907054726,200,79,0.00507354736328125,0.00519561767578125
25697455888,0,110141467526,200,407,0.017608642578125,0.0042877197265625
32639060304,0,110141467526,200,407,0.017608642578125,0.0042877197265625
73874902482,0,110141467526,200,407,0.017608642578125,0.0042877197265625
152240448533,0,110141467526,200,407,0.017608642578125,0.0042877197265625
577257628745,0,110141467526,200,407,0.017608642578125,0.0042877197265625
0,0,110141467526,200,407,0.017608642578125,0.0042877197265625
0,0,190378441273,200,0,0.029937744140625,0.027862548828125
526096601986,0,11027259710,200,485,0.001918792724609375,0.003894805908203125
0,0,11027259710,200,485,0.001918792724609375,0.003894805908203125
122866647469,0,79136489,200,33,0.02130126953125,0.00771331787109375
169923090509,0,79136489,200,33,0.02130126953125,0.00771331787109375
0,0,126709616363,200,894,0.0016117095947265625,0.002590179443359375
0,0,2336581092,200,232,0.05987548828125,0.0234375
152289164534,0,110141467526,200,431,0.017608642578125,0.0042877197265625
577385754660,0,110141467526,200,431,0.017608642578125,0.0042877197265625
0,0,110141467526,200,431,0.017608642578125,0.0042877197265625
431612049994,0,280290114246,360,0,0.00022029876708984375,0.00016307830810546875
44679339632,0,221049983013,200,51,0.114501953125,0.0616455078125
147953645293,0,221049983013,200,51,0.114501953125,0.0616455078125
148811036629,0,221049983013,200,51,0.114501953125,0.0616455078125
261255004316,0,221049983013,200,51,0.114501953125,0.0616455078125
500552813201,0,221049983013,200,51,0.114501953125,0.0616455078125
569851664218,0,221049983013,200,51,0.114501953125,0.0616455078125
0,0,221049983013,200,51,0.114501953125,0.0616455078125
48671301760,0,5874337791,200,219,0.114501953125,0.03125
164098354733,0,5874337791,200,219,0.114501953125,0.03125
500345932163,0,5874337791,200,219,0.114501953125,0.03125
0,0,5874337791,200,219,0.114501953125,0.03125
124665797154,0,79136489,200,517,0.02130126953125,0.00771331787109375
0,0,9907127931,200,47,0.002582550048828125,0.0018939971923828125
458259227630,0,280506819827,360,0,0.00022029876708984375,0.00016307830810546875
461886812113,0,280506819827,360,0,0.006866455078125,0.00016307830810546875
572973152139,0,6928730916,200,77,0.229248046875,0.03424072265625
0,0,6928730916,200,77,0.229248046875,0.03424072265625
438437002309,0,2336581092,200,233,0.05987548828125,0.0234375
0,0,2336581092,200,233,0.05987548828125,0.0234375
434119081840,0,2336581092,200,229,0.05987548828125,0.0234375
0,0,2336581092,200,229,0.05987548828125,0.0234375
29241022314,0,9907050679,200,743,0.00116729736328125,0.00569915771484375
0,0,9907050679,200,743,0.00116729736328125,0.00569915771484375
0,0,11027259710,200,903,0.001918792724609375,0.003894805908203125
421032177068,0,1976875595,200,78,0.04400634765625,0.00640869140625
0,0,1976875595,200,78,0.04400634765625,0.00640869140625
262715052198,0,9907075218,200,189,0.020721435546875,0.001068115234375
569306014114,0,9907075218,200,189,0.020721435546875,0.001068115234375
0,0,9907075218,200,189,0.020721435546875,0.001068115234375
151236192722,0,110141467526,200,261,0.017608642578125,0.0042877197265625
446832134499,0,110141467526,200,261,0.017608642578125,0.0042877197265625
576345716087,0,110141467526,200,261,0.017608642578125,0.0042877197265625
0,0,110141467526,200,261,0.017608642578125,0.0042877197265625
0,0,126709616363,200,781,0.0016117095947265625,0.002590179443359375
475132350030,0,126709616363,200,42,0.0016117095947265625,0.002590179443359375
587222106945,0,126709616363,200,42,0.0038604736328125,0.002590179443359375
0,0,126709616363,200,42,0.0016117095947265625,0.002590179443359375
578973754851,0,9907081267,200,5,0.03143310546875,0.002590179443359375
579019668032,0,9907081267,200,5,0.03143310546875,0.002590179443359375
0,0,9907081267,200,5,0.03143310546875,0.002590179443359375
255085165444,0,6315539196,103,247,0.05987548828125,0.016937255859375
287362460343,0,6315539196,103,247,0.05987548828125,0.016937255859375
38617071930,0,273953075634,200,0,0.0572509765625,0.0643310546875
141898956623,0,273953075634,200,0,0.0572509765625,0.0670166015625
491955855266,0,273953075634,200,0,0.0572509765625,0.0670166015625
563628436673,0,273953075634,200,0,0.0572509765625,0.0670166015625
584155008923,0,273953075634,200,0,0.0572509765625,0.0670166015625
0,0,273953075634,200,0,0.0572509765625,0.0643310546875
188733770309,0,9907127672,200,53,0.008026123046875,0.002590179443359375
0,0,9907127672,200,53,0.008026123046875,0.002590179443359375
0,0,9907050679,200,280,0.00116729736328125,0.00569915771484375
123129203805,0,79136489,200,122,0.02130126953125,0.00771331787109375
0,0,6928730916,200,17,0.229248046875,0.03424072265625
510843140483,0,10990102952,200,232,0.0007085800170898438,0.00125885009765625
0,0,10990102952,200,232,0.0007085800170898438,0.00125885009765625
193445107560,0,277568180797,360,0,0.006866455078125,0.00016307830810546875
0,0,11027259710,200,761,0.001918792724609375,0.003894805908203125
0,0,11027259710,200,761,0.001918792724609375,0.003894805908203125
0,0,11027259633,200,7,0.04071044921875,0.004547119140625
559403306403,0,281272423604,360,0,0.00022029876708984375,0.00016307830810546875
77060074566,0,110141467526,200,245,0.017608642578125,0.0042877197265625
77287040800,0,110141467526,200,245,0.017608642578125,0.0042877197265625
151201580659,0,110141467526,200,245,0.017608642578125,0.0042877197265625
523216083287,0,110141467526,200,245,0.017608642578125,0.0042877197265625
576229275698,0,110141467526,200,245,0.017608642578125,0.0042877197265625
0,0,110141467526,200,245,0.017608642578125,0.0042877197265625
0,0,110141467526,200,245,0.017608642578125,0.0042877197265625
144833926905,0,110128232045,200,19,0.017608642578125,0.0042877197265625
245338092658,0,110128232045,200,19,0.017608642578125,0.0042877197265625
576048100336,0,110128232045,200,19,0.017608642578125,0.0042877197265625
584758257816,0,110128232045,200,19,0.017608642578125,0.0042877197265625
0,0,110128232045,200,19,0.017608642578125,0.0042877197265625
527484622533,0,2336581092,200,4,0.05987548828125,0.0234375
0,0,2336581092,200,4,0.05987548828125,0.0234375
105868115303,0,9907040432,200,167,0.0156097412109375,0.0130157470703125
0,0,9907040432,200,167,0.0156097412109375,0.0130157470703125
80772359317,0,276743625448,360,0,0.00678253173828125,0.00016307830810546875
70526642816,0,276703368935,360,0,0.00022029876708984375,0.00016307830810546875
405980993518,0,9907050679,200,703,0.00116729736328125,0.00569915771484375
578079285874,0,9907050679,200,703,0.00116729736328125,0.00569915771484375
0,0,9907050679,200,703,0.00116729736328125,0.00569915771484375
41485819598,0,249784935978,200,63,0.114501953125,0.0670166015625
57634098179,0,249784935978,200,63,0.114501953125,0.0670166015625
134064987102,0,249784935978,200,63,0.114501953125,0.0643310546875
145317960682,0,249784935978,200,63,0.114501953125,0.0643310546875
497012783593,0,249784935978,200,63,0.114501953125,0.0670166015625
497722388678,0,249784935978,200,63,0.114501953125,0.0670166015625
576765621833,0,249784935978,200,63,0.114501953125,0.0670166015625
0,0,249784935978,200,63,0.114501953125,0.0670166015625
41362487610,0,248938956221,200,0,0.0572509765625,0.0147247314453125
143937641268,0,248938956221,200,0,0.0572509765625,0.0147247314453125
177405074520,0,248938956221,200,0,0.0572509765625,0.0147247314453125
490491141810,0,248938956221,200,0,0.0572509765625,0.0078277587890625
565390487199,0,248938956221,200,0,0.0572509765625,0.011932373046875
0,0,248938956221,200,0,0.0572509765625,0.0147247314453125
0,0,11027259710,200,532,0.001918792724609375,0.003894805908203125
39894484324,0,246668429830,200,2,0.0572509765625,0.0147247314453125
143259080282,0,246668429830,200,2,0.0572509765625,0.0147247314453125
491887670447,0,246668429830,200,2,0.0572509765625,0.012451171875
565253261508,0,246668429830,200,2,0.0572509765625,0.0129852294921875
0,0,246668429830,200,2,0.0572509765625,0.0147247314453125
0,0,126709616363,200,167,0.0016117095947265625,0.002590179443359375
315673377569,0,9907127931,200,235,0.002582550048828125,0.0018939971923828125
0,0,9907127931,200,235,0.002582550048828125,0.0018939971923828125
50832839330,0,17953630694,200,8,0.13916015625,0.03302001953125
0,0,17953630694,200,8,0.13916015625,0.03302001953125
0,0,9907075218,200,6,0.020721435546875,0.001068115234375
0,0,11027259710,200,466,0.001918792724609375,0.003894805908203125
144997018680,0,277163253283,119,0,0.023590087890625,0.002635955810546875
152034311419,0,110141467526,200,365,0.017608642578125,0.0042877197265625
577020681083,0,110141467526,200,365,0.017608642578125,0.0042877197265625
0,0,110141467526,200,365,0.017608642578125,0.0042877197265625
41110897145,0,261051063549,200,1,0.0572509765625,0.0141143798828125
74918048231,0,261051063549,200,1,0.0572509765625,0.0141143798828125
142712716378,0,261051063549,200,1,0.0572509765625,0.0141143798828125
489885496360,0,261051063549,200,1,0.0572509765625,0.012451171875
564448662320,0,261051063549,200,1,0.0572509765625,0.0141143798828125
0,0,261051063549,200,1,0.0572509765625,0.0141143798828125
0,0,10990102952,200,214,0.0007085800170898438,0.00125885009765625
460014127869,0,9907127931,200,17,0.002582550048828125,0.0018939971923828125
0,0,9907127931,200,17,0.002582550048828125,0.0018939971923828125
39359396102,0,261383522801,200,2,0.0880126953125,0.011932373046875
142689023800,0,261383522801,200,2,0.0880126953125,0.011444091796875
408777998883,0,261383522801,200,2,0.0880126953125,0.011932373046875
477821114004,0,261383522801,200,2,0.0616455078125,0.011932373046875
491501409366,0,261383522801,200,2,0.0616455078125,0.011932373046875
564777540561,0,261383522801,200,2,0.0616455078125,0.011932373046875
0,0,261383522801,200,2,0.0880126953125,0.011932373046875
123058077402,0,276522661225,200,0,0.114501953125,0.0153656005859375
267534224979,0,9907127672,200,182,0.008026123046875,0.002590179443359375
0,0,9907127672,200,182,0.008026123046875,0.002590179443359375
537367381154,0,281133968236,360,0,0.00022029876708984375,0.00016307830810546875
0,0,9907050679,200,753,0.00116729736328125,0.00569915771484375
0,0,11027259710,200,829,0.001918792724609375,0.003894805908203125
53590568526,0,233117533324,200,0,0.00759124755859375,0.0013027191162109375
378581799645,0,233117533324,200,0,0.00759124755859375,0.0013027191162109375
492587527627,0,233117533324,200,0,0.00759124755859375,0.0013027191162109375
584066080822,0,233117533324,200,0,0.00759124755859375,0.0013027191162109375
0,0,233117533324,200,0,0.00759124755859375,0.0013027191162109375
62414199301,0,276652901356,0,437,0.09716796875,0.00670623779296875
562396781737,0,281294671006,0,303,0.09716796875,0.003795623779296875
562915299476,0,281295229384,0,102,0.006866455078125,0.00016307830810546875
552690471162,0,281235878646,0,144,0.02587890625,0.002635955810546875
458791222706,0,280539317547,0,814,0.09716796875,0.00681304931640625
150282986170,0,277286411577,0,410,0.09716796875,0.0067901611328125
25398208141,0,276419603653,0,30,0.09716796875,0.0068206787109375
261104025095,0,278424099729,0,7,0.006866455078125,0.00016307830810546875
448215260332,0,280419314674,0,337,0.09716796875,0.00311279296875
526897517086,0,281067538883,0,1,0.001918792724609375,0.003894805908203125
2219275919,0,276307664834,0,0,0.006866455078125,0.00016307830810546875
180412196632,0,277461925272,0,15,0.001918792724609375,0.003894805908203125
198232936120,0,277727013060,0,25,0.09716796875,0.003376007080078125
477600506295,0,280754067151,0,0,0.017608642578125,0.0042877197265625
556213641938,0,281265085766,0,476,0.09716796875,0.00577545166015625
574367223853,0,281365204487,0,42,0.048583984375,0.00258636474609375
338417098820,0,279375424247,0,394,0.0616455078125,0.011932373046875
168649422886,0,277424762964,0,397,0.03082275390625,0.021392822265625
242119317465,0,278313468621,0,0,0.024566650390625,0.002605438232421875
259415339826,0,278417946304,0,109,0.025634765625,0.002605438232421875
431351110804,0,260491331078,103,52,0.09716796875,0.002716064453125
574289777541,0,281363978395,103,227,0.09716796875,0.0104217529296875
574331605573,0,281363978395,103,227,0.09716796875,0.0104217529296875
574956499020,0,281363978395,103,227,0.09716796875,0.0104217529296875
575458194557,0,281363978395,103,227,0.09716796875,0.0104217529296875
281484655268,0,260491323546,103,307,0.09716796875,0.003101348876953125
513739426051,0,260491323546,103,307,0.09716796875,0.003101348876953125
194807892844,0,276632152458,103,119,0.09716796875,0.00635528564453125
240354746420,0,276661304224,103,73,0.09716796875,0.0068817138671875
343641002460,0,260491317125,103,178,0.09716796875,0.002773284912109375
0,0,260491317125,103,178,0.09716796875,0.002773284912109375
574294648130,0,281363978395,103,376,0.09716796875,0.0104217529296875
574461834567,0,281363978395,103,376,0.09716796875,0.0104217529296875
574951260852,0,281363978395,103,376,0.09716796875,0.0104217529296875
575449205210,0,281363978395,103,376,0.09716796875,0.0104217529296875
240333824858,0,260491317125,103,199,0.09716796875,0.002773284912109375
0,0,260491317125,103,199,0.09716796875,0.002773284912109375
247870989216,0,276661304224,103,297,0.09716796875,0.0068817138671875
146117394998,0,260491327099,103,83,0.09716796875,0.00311279296875
261576718404,0,260491327099,103,83,0.09716796875,0.00311279296875
79870491835,0,276632152458,103,34,0.09716796875,0.0054168701171875
63780573107,0,276656851316,103,395,0.09716796875,0.0104217529296875
64000110707,0,276656851316,103,395,0.09716796875,0.0104217529296875
472953794765,0,260491327099,103,31,0.09716796875,0.00311279296875
344198401834,0,260491323546,103,392,0.09716796875,0.003101348876953125
193280493361,0,260491323546,103,244,0.09716796875,0.003101348876953125
0,0,260491317125,103,326,0.09716796875,0.002773284912109375
176292100886,0,260491325475,103,280,0.09716796875,0.003376007080078125
63770494548,0,276656851316,103,320,0.09716796875,0.0104217529296875
63866540616,0,276656851316,103,320,0.09716796875,0.0104217529296875
265758279555,0,276661304224,103,303,0.09716796875,0.0068817138671875
353967715333,0,261064563507,103,371,0.09716796875,0.003078460693359375
528825084733,0,261064563507,103,277,0.09716796875,0.003078460693359375
63756700160,0,276656851316,103,350,0.09716796875,0.0104217529296875
63846009377,0,276656851316,103,350,0.09716796875,0.0104217529296875
353113210468,0,260491325475,103,53,0.09716796875,0.003376007080078125
0,0,260491317125,103,46,0.09716796875,0.002773284912109375
251357007214,0,276632152458,103,82,0.09716796875,0.00635528564453125
418134783082,0,260491326217,103,341,0.09716796875,0.0030975341796875
0,0,260491326217,103,341,0.09716796875,0.00395965576171875
158710027685,0,276638669193,103,118,0.09716796875,0.00604248046875
494398061300,0,276638669193,103,118,0.09716796875,0.00679779052734375
243822012019,0,276638669193,103,49,0.09716796875,0.00679779052734375
601994044533,0,260491325021,103,3,0.09716796875,0.003795623779296875
348805266987,0,260491331078,103,141,0.09716796875,0.003757476806640625
64265668302,1,276661304224,103,73,0.09716796875,0.0104217529296875
579498784441,1,281418651778,115,14,0.048583984375,0.00234222412109375
64265668302,1,276661304224,103,297,0.09716796875,0.0104217529296875
579497780009,1,281418651160,103,352,0.09716796875,0.0061492919921875
64265668302,1,276661304224,103,46,0.09716796875,0.0104217529296875
64265668302,1,276661304224,103,303,0.09716796875,0.0104217529296875
579497780009,1,281418651160,103,261,0.09716796875,0.0061492919921875
601505856176,2,281552412746,360,0,0.00022029876708984375,0.00016307830810546875
601796698983,2,281552412746,360,0,0.00022029876708984375,0.00016307830810546875
0,2,276295497828,119,8,0.026153564453125,0.002635955810546875
0,2,9907040432,200,53,0.0156097412109375,0.0130157470703125
40512414631,2,260384711820,200,3,0.114501953125,0.011932373046875
115994052450,2,260384711820,200,3,0.114501953125,0.011932373046875
143460027703,2,260384711820,200,3,0.114501953125,0.011932373046875
490283702113,2,260384711820,200,3,0.114501953125,0.012451171875
564223242029,2,260384711820,200,3,0.114501953125,0.012451171875
0,2,260384711820,200,3,0.114501953125,0.008514404296875
0,2,9907050679,200,334,0.00116729736328125,0.00569915771484375
0,2,126709616363,200,882,0.0016117095947265625,0.002590179443359375
283204038415,2,6315539196,103,450,0.05987548828125,0.016937255859375
472946852952,2,6315539196,103,450,0.05987548828125,0.016937255859375
512879604985,2,6315539196,103,450,0.05987548828125,0.016937255859375
44353447854,2,249784935978,200,122,0.114501953125,0.0670166015625
59929736139,2,249784935978,200,122,0.114501953125,0.0670166015625
137266118084,2,249784935978,200,122,0.114501953125,0.0643310546875
148495471440,2,249784935978,200,122,0.114501953125,0.0643310546875
499721095021,2,249784935978,200,122,0.114501953125,0.0670166015625
579557735154,2,249784935978,200,122,0.114501953125,0.0643310546875
0,2,249784935978,200,122,0.114501953125,0.0670166015625
494936527086,2,280899799940,360,0,0.00022029876708984375,0.00016307830810546875
495054303263,2,280899799940,360,0,0.00022029876708984375,0.00016307830810546875
0,2,9907099811,200,13,0.01141357421875,0.005706787109375
0,2,9907099811,200,13,0.01141357421875,0.005706787109375
0,2,9907075218,200,12,0.020721435546875,0.001068115234375
150719818841,2,110141467526,200,138,0.017608642578125,0.0042877197265625
326775142029,2,110141467526,200,138,0.017608642578125,0.0042877197265625
575651392053,2,110141467526,200,138,0.017608642578125,0.0042877197265625
0,2,110141467526,200,138,0.017608642578125,0.0042877197265625
491357186713,2,6863457189,200,27,0.00440216064453125,0.00547027587890625
0,2,6863457189,200,27,0.00440216064453125,0.00547027587890625
388501114777,2,279931440093,360,0,0.00022029876708984375,0.00016307830810546875
388806173233,2,279931440093,360,0,0.00022029876708984375,0.00016307830810546875
124052452313,2,79136489,200,343,0.02130126953125,0.00771331787109375
451328025741,2,113314122391,200,3,0.00440216064453125,0.006500244140625
0,2,113314122391,200,3,0.00440216064453125,0.006500244140625
0,2,9907054726,200,79,0.00507354736328125,0.00519561767578125
25697455890,2,110141467526,200,407,0.017608642578125,0.0042877197265625
32639060306,2,110141467526,200,407,0.017608642578125,0.0042877197265625
73874902484,2,110141467526,200,407,0.017608642578125,0.0042877197265625
152240448535,2,110141467526,200,407,0.017608642578125,0.0042877197265625
577257628747,2,110141467526,200,407,0.017608642578125,0.0042877197265625
0,2,110141467526,200,407,0.017608642578125,0.0042877197265625
0,2,190378441273,200,0,0.029937744140625,0.027862548828125
526096602116,2,11027259710,200,485,0.001918792724609375,0.003894805908203125
0,2,11027259710,200,485,0.001918792724609375,0.003894805908203125
245667542863,2,278326911222,119,17,0.02587890625,0.002635955810546875
122866647471,2,79136489,200,33,0.02130126953125,0.00771331787109375
169923090576,2,79136489,200,33,0.02130126953125,0.00771331787109375
0,2,126709616363,200,894,0.0016117095947265625,0.002590179443359375
0,2,2336581092,200,232,0.05987548828125,0.0234375
152289164536,2,110141467526,200,431,0.017608642578125,0.0042877197265625
577385754662,2,110141467526,200,431,0.017608642578125,0.0042877197265625
0,2,110141467526,200,431,0.017608642578125,0.0042877197265625
99911090957,2,276792363193,360,0,0.00022029876708984375,0.00016307830810546875
431334674015,2,280290114246,360,0,0.00022029876708984375,0.00016307830810546875
431612049996,2,280290114246,360,0,0.00022029876708984375,0.00016307830810546875
44679339634,2,221049983013,200,51,0.114501953125,0.0616455078125
147953645295,2,221049983013,200,51,0.114501953125,0.0616455078125
148811036631,2,221049983013,200,51,0.114501953125,0.0616455078125
261255004370,2,221049983013,200,51,0.114501953125,0.0616455078125
500552813203,2,221049983013,200,51,0.114501953125,0.0616455078125
569851664220,2,221049983013,200,51,0.114501953125,0.0616455078125
0,2,221049983013,200,51,0.114501953125,0.0616455078125
48671301762,2,5874337791,200,219,0.114501953125,0.03125
164098354735,2,5874337791,200,219,0.114501953125,0.03125
500345932165,2,5874337791,200,219,0.114501953125,0.03125
0,2,5874337791,200,219,0.114501953125,0.03125
124665797156,2,79136489,200,517,0.02130126953125,0.00771331787109375
0,2,9907127931,200,47,0.002582550048828125,0.0018939971923828125
458096817875,2,280506819827,360,0,0.00022029876708984375,0.00016307830810546875
458259227632,2,280506819827,360,0,0.00022029876708984375,0.00016307830810546875
461886812115,2,280506819827,360,0,0.006866455078125,0.00016307830810546875
572973152292,2,6928730916,200,77,0.229248046875,0.03424072265625
0,2,6928730916,200,77,0.229248046875,0.03424072265625
438437002687,2,2336581092,200,233,0.05987548828125,0.0234375
0,2,2336581092,200,233,0.05987548828125,0.0234375
434119081972,2,2336581092,200,229,0.05987548828125,0.0234375
0,2,2336581092,200,229,0.05987548828125,0.0234375
29241022436,2,9907050679,200,743,0.00116729736328125,0.00569915771484375
0,2,9907050679,200,743,0.00116729736328125,0.00569915771484375
0,2,11027259710,200,903,0.001918792724609375,0.003894805908203125
188944595410,2,277538669880,119,14,0.02587890625,0.002635955810546875
421032177124,2,1976875595,200,78,0.04400634765625,0.00640869140625
0,2,1976875595,200,78,0.04400634765625,0.00640869140625
367075511002,2,279575988536,200,0,0.0005283355712890625,0.0011768341064453125
262715052308,2,9907075218,200,189,0.020721435546875,0.001068115234375
569306014213,2,9907075218,200,189,0.020721435546875,0.001068115234375
0,2,9907075218,200,189,0.020721435546875,0.001068115234375
151236192724,2,110141467526,200,261,0.017608642578125,0.0042877197265625
446832134696,2,110141467526,200,261,0.017608642578125,0.0042877197265625
576345716089,2,110141467526,200,261,0.017608642578125,0.0042877197265625
0,2,110141467526,200,261,0.017608642578125,0.0042877197265625
0,2,126709616363,200,781,0.0016117095947265625,0.002590179443359375
475132350127,2,126709616363,200,42,0.0016117095947265625,0.002590179443359375
587222106947,2,126709616363,200,42,0.0038604736328125,0.002590179443359375
0,2,126709616363,200,42,0.0016117095947265625,0.002590179443359375
578973754853,2,9907081267,200,5,0.03143310546875,0.002590179443359375
579019668034,2,9907081267,200,5,0.03143310546875,0.002590179443359375
0,2,9907081267,200,5,0.03143310546875,0.002590179443359375
314691133587,2,279173300099,360,0,0.00022029876708984375,0.00016307830810546875
255085165513,2,6315539196,103,247,0.05987548828125,0.016937255859375
287362460345,2,6315539196,103,247,0.05987548828125,0.016937255859375
38617071932,2,273953075634,200,0,0.0572509765625,0.0643310546875
141898956625,2,273953075634,200,0,0.0572509765625,0.0670166015625
491955855268,2,273953075634,200,0,0.0572509765625,0.0670166015625
563628436675,2,273953075634,200,0,0.0572509765625,0.0670166015625
584155009145,2,273953075634,200,0,0.0572509765625,0.0670166015625
0,2,273953075634,200,0,0.0572509765625,0.0643310546875
188733770311,2,9907127672,200,53,0.008026123046875,0.002590179443359375
0,2,9907127672,200,53,0.008026123046875,0.002590179443359375
0,2,9907050679,200,280,0.00116729736328125,0.00569915771484375
123129203807,2,79136489,200,122,0.02130126953125,0.00771331787109375
0,2,6928730916,200,17,0.229248046875,0.03424072265625
510843140588,2,10990102952,200,232,0.0007085800170898438,0.00125885009765625
0,2,10990102952,200,232,0.0007085800170898438,0.00125885009765625
190803289526,2,277568180797,360,0,0.00022029876708984375,0.00016307830810546875
193445107614,2,277568180797,360,0,0.006866455078125,0.00016307830810546875
0,2,11027259710,200,761,0.001918792724609375,0.003894805908203125
0,2,11027259710,200,761,0.001918792724609375,0.003894805908203125
0,2,11027259633,200,7,0.04071044921875,0.004547119140625
559157562179,2,281272423604,360,0,0.00022029876708984375,0.00016307830810546875
559403306405,2,281272423604,360,0,0.00022029876708984375,0.00016307830810546875
77060074672,2,110141467526,200,245,0.017608642578125,0.0042877197265625
77287040800,2,110141467526,200,245,0.017608642578125,0.0042877197265625
151201580661,2,110141467526,200,245,0.017608642578125,0.0042877197265625
523216083456,2,110141467526,200,245,0.017608642578125,0.0042877197265625
576229275700,2,110141467526,200,245,0.017608642578125,0.0042877197265625
0,2,110141467526,200,245,0.017608642578125,0.0042877197265625
0,2,110141467526,200,245,0.017608642578125,0.0042877197265625
144833926907,2,110128232045,200,19,0.017608642578125,0.0042877197265625
245338092749,2,110128232045,200,19,0.017608642578125,0.0042877197265625
576048100512,2,110128232045,200,19,0.017608642578125,0.0042877197265625
584758257818,2,110128232045,200,19,0.017608642578125,0.0042877197265625
0,2,110128232045,200,19,0.017608642578125,0.0042877197265625
127145876070,2,277128903791,200,0,0.02642822265625,0.00623321533203125
527484622621,2,2336581092,200,4,0.05987548828125,0.0234375
0,2,2336581092,200,4,0.05987548828125,0.0234375
105868115385,2,9907040432,200,167,0.0156097412109375,0.0130157470703125
0,2,9907040432,200,167,0.0156097412109375,0.0130157470703125
80095550758,2,276743625448,360,0,0.00022029876708984375,0.00016307830810546875
80772359319,2,276743625448,360,0,0.00678253173828125,0.00016307830810546875
70191724994,2,276703368935,360,0,0.00022029876708984375,0.00016307830810546875
70526642818,2,276703368935,360,0,0.00022029876708984375,0.00016307830810546875
405980993621,2,9907050679,200,703,0.00116729736328125,0.00569915771484375
578079286009,2,9907050679,200,703,0.00116729736328125,0.00569915771484375
0,2,9907050679,200,703,0.00116729736328125,0.00569915771484375
41485819600,2,249784935978,200,63,0.114501953125,0.0670166015625
57634098181,2,249784935978,200,63,0.114501953125,0.0670166015625
134064987104,2,249784935978,200,63,0.114501953125,0.0643310546875
145317960684,2,249784935978,200,63,0.114501953125,0.0643310546875
497012783595,2,249784935978,200,63,0.114501953125,0.0670166015625
497722388680,2,249784935978,200,63,0.114501953125,0.0670166015625
576765621835,2,249784935978,200,63,0.114501953125,0.0670166015625
0,2,249784935978,200,63,0.114501953125,0.0670166015625
41362487612,2,248938956221,200,0,0.0572509765625,0.0147247314453125
143937641270,2,248938956221,200,0,0.0572509765625,0.0147247314453125
177405074579,2,248938956221,200,0,0.0572509765625,0.0147247314453125
490491141812,2,248938956221,200,0,0.0572509765625,0.0078277587890625
565390487201,2,248938956221,200,0,0.0572509765625,0.011932373046875
0,2,248938956221,200,0,0.0572509765625,0.0147247314453125
0,2,11027259710,200,532,0.001918792724609375,0.003894805908203125
39894484326,2,246668429830,200,2,0.0572509765625,0.0147247314453125
143259080284,2,246668429830,200,2,0.0572509765625,0.0147247314453125
491887670449,2,246668429830,200,2,0.0572509765625,0.012451171875
565253261510,2,246668429830,200,2,0.0572509765625,0.0129852294921875
0,2,246668429830,200,2,0.0572509765625,0.0147247314453125
0,2,126709616363,200,167,0.0016117095947265625,0.002590179443359375
315673377571,2,9907127931,200,235,0.002582550048828125,0.0018939971923828125
0,2,9907127931,200,235,0.002582550048828125,0.0018939971923828125
50832839332,2,17953630694,200,8,0.13916015625,0.03302001953125
0,2,17953630694,200,8,0.13916015625,0.03302001953125
0,2,9907075218,200,6,0.020721435546875,0.001068115234375
0,2,11027259710,200,466,0.001918792724609375,0.003894805908203125
133474061448,2,277163253283,119,0,0.023590087890625,0.002635955810546875
144997018894,2,277163253283,119,0,0.023590087890625,0.002635955810546875
152034311421,2,110141467526,200,365,0.017608642578125,0.0042877197265625
577020681085,2,110141467526,200,365,0.017608642578125,0.0042877197265625
0,2,110141467526,200,365,0.017608642578125,0.0042877197265625
41110897147,2,261051063549,200,1,0.0572509765625,0.0141143798828125
74918048401,2,261051063549,200,1,0.0572509765625,0.0141143798828125
142712716380,2,261051063549,200,1,0.0572509765625,0.0141143798828125
489885496362,2,261051063549,200,1,0.0572509765625,0.012451171875
564448662322,2,261051063549,200,1,0.0572509765625,0.0141143798828125
0,2,261051063549,200,1,0.0572509765625,0.0141143798828125
0,2,10990102952,200,214,0.0007085800170898438,0.00125885009765625
460014128037,2,9907127931,200,17,0.002582550048828125,0.0018939971923828125
0,2,9907127931,200,17,0.002582550048828125,0.0018939971923828125
39359396104,2,261383522801,200,2,0.0880126953125,0.011932373046875
142689023802,2,261383522801,200,2,0.0880126953125,0.011444091796875
408777999002,2,261383522801,200,2,0.0880126953125,0.011932373046875
477821114006,2,261383522801,200,2,0.0616455078125,0.011932373046875
491501409368,2,261383522801,200,2,0.0616455078125,0.011932373046875
564777540563,2,261383522801,200,2,0.0616455078125,0.011932373046875
0,2,261383522801,200,2,0.0880126953125,0.011932373046875
41758943900,2,276522661225,200,0,0.114501953125,0.03643798828125
123058077404,2,276522661225,200,0,0.114501953125,0.0153656005859375
267534224981,2,9907127672,200,182,0.008026123046875,0.002590179443359375
0,2,9907127672,200,182,0.008026123046875,0.002590179443359375
211505232800,2,277938307046,360,0,0.00022029876708984375,0.00016307830810546875
537309487243,2,281133968236,360,0,0.00022029876708984375,0.00016307830810546875
537367381156,2,281133968236,360,0,0.00022029876708984375,0.00016307830810546875
0,2,9907050679,200,753,0.00116729736328125,0.00569915771484375
164141409172,2,277409846899,360,0,0.00022029876708984375,0.00016307830810546875
0,2,11027259710,200,829,0.001918792724609375,0.003894805908203125
53590568528,2,233117533324,200,0,0.00759124755859375,0.0013027191162109375
378581799647,2,233117533324,200,0,0.00759124755859375,0.0013027191162109375
492587527699,2,233117533324,200,0,0.00759124755859375,0.0013027191162109375
584066080973,2,233117533324,200,0,0.00759124755859375,0.0013027191162109375
0,2,233117533324,200,0,0.00759124755859375,0.0013027191162109375
425079391735,2,280266230635,119,19,0.02587890625,0.002605438232421875
364794530669,2,279548629830,119,13,0.02587890625,0.002605438232421875
431351111253,2,260491331078,103,52,0.09716796875,0.002716064453125
574241238108,2,281363978395,103,227,0.09716796875,0.0104217529296875
574289777543,2,281363978395,103,227,0.09716796875,0.0104217529296875
574911382945,2,281363978395,103,227,0.09716796875,0.0104217529296875
575398898791,2,281363978395,103,227,0.09716796875,0.0104217529296875
281484655270,2,260491323546,103,307,0.09716796875,0.003101348876953125
513739426232,2,260491323546,103,307,0.09716796875,0.003101348876953125
58350028293,2,276632152458,103,119,0.09716796875,0.0104217529296875
194807892846,2,276632152458,103,119,0.09716796875,0.00635528564453125
581941527999,2,281422416123,103,164,0.09716796875,0.0104217529296875
64273349212,2,276661304224,103,73,0.09716796875,0.0104217529296875
240354746422,2,276661304224,103,73,0.09716796875,0.0068817138671875
343641002686,2,260491317125,103,178,0.09716796875,0.002773284912109375
0,2,260491317125,103,178,0.09716796875,0.002773284912109375
581941528512,2,281422416123,103,335,0.09716796875,0.0104217529296875
574241238555,2,281363978395,103,376,0.09716796875,0.0104217529296875
574414190702,2,281363978395,103,376,0.09716796875,0.0104217529296875
574911383045,2,281363978395,103,376,0.09716796875,0.0104217529296875
575398898765,2,281363978395,103,376,0.09716796875,0.0104217529296875
240333825015,2,260491317125,103,199,0.09716796875,0.002773284912109375
0,2,260491317125,103,199,0.09716796875,0.002773284912109375
579559044255,2,281418651778,115,14,0.048583984375,0.00229644775390625
64273349884,2,276661304224,103,297,0.09716796875,0.0104217529296875
247870989218,2,276661304224,103,297,0.09716796875,0.0068817138671875
579498077806,2,281418651160,103,352,0.09716796875,0.0061492919921875
64273349131,2,276661304224,103,46,0.09716796875,0.0104217529296875
146117395272,2,260491327099,103,83,0.09716796875,0.00311279296875
261576718406,2,260491327099,103,83,0.09716796875,0.00311279296875
581391491447,2,281421990441,115,1,0.048583984375,0.00650787353515625
58350028038,2,276632152458,103,34,0.09716796875,0.0104217529296875
79870492035,2,276632152458,103,34,0.09716796875,0.0054168701171875
63663007720,2,276656851316,103,395,0.09716796875,0.0104217529296875
63890973448,2,276656851316,103,395,0.09716796875,0.0104217529296875
472953794998,2,260491327099,103,31,0.09716796875,0.00311279296875
344198401836,2,260491323546,103,392,0.09716796875,0.003101348876953125
193280493478,2,260491323546,103,244,0.09716796875,0.003101348876953125
0,2,260491317125,103,326,0.09716796875,0.002773284912109375
176292100965,2,260491325475,103,280,0.09716796875,0.003376007080078125
63663007495,2,276656851316,103,320,0.09716796875,0.0104217529296875
63770494550,2,276656851316,103,320,0.09716796875,0.0104217529296875
64257559178,2,276656851316,103,320,0.09716796875,0.0104217529296875
581391491427,2,281421989975,103,395,0.09716796875,0.0104217529296875
64273349902,2,276661304224,103,303,0.09716796875,0.0104217529296875
265758279557,2,276661304224,103,303,0.09716796875,0.0068817138671875
353967715459,2,261064563507,103,371,0.09716796875,0.003078460693359375
58350029162,2,276632152910,115,8,0.048583984375,0.00650787353515625
528825084867,2,261064563507,103,277,0.09716796875,0.003078460693359375
63663007585,2,276656851316,103,350,0.09716796875,0.0104217529296875
63756700162,2,276656851316,103,350,0.09716796875,0.0104217529296875
64013051420,2,276656851316,103,350,0.09716796875,0.0104217529296875
353113210611,2,260491325475,103,53,0.09716796875,0.003376007080078125
0,2,260491317125,103,46,0.09716796875,0.002773284912109375
58350028182,2,276632152458,103,82,0.09716796875,0.0104217529296875
251357007357,2,276632152458,103,82,0.09716796875,0.00635528564453125
48827442942,2,276579558420,103,303,0.09716796875,0.0104217529296875
581391491076,2,281421989975,103,278,0.09716796875,0.0104217529296875
418134783185,2,260491326217,103,341,0.09716796875,0.0030975341796875
0,2,260491326217,103,341,0.09716796875,0.00395965576171875
579498077533,2,281418651160,103,261,0.09716796875,0.0061492919921875
59450016857,2,276638669193,103,118,0.09716796875,0.0104217529296875
158710027810,2,276638669193,103,118,0.09716796875,0.00604248046875
494398061469,2,276638669193,103,118,0.09716796875,0.00679779052734375
58350028485,2,276632152458,103,183,0.09716796875,0.0104217529296875
581941528476,2,281422416123,103,323,0.09716796875,0.0104217529296875
581391490575,2,281421989975,103,111,0.09716796875,0.0104217529296875
59450016650,2,276638669193,103,49,0.09716796875,0.0104217529296875
243822012021,2,276638669193,103,49,0.09716796875,0.00679779052734375
601994044712,2,260491325021,103,3,0.09716796875,0.003795623779296875
581941527684,2,281422416123,103,59,0.09716796875,0.0104217529296875
348805267117,2,260491331078,103,141,0.09716796875,0.003757476806640625
601506007817,3,281552412746,360,0,0.00022029876708984375,0.00016307830810546875
601796797820,3,281552412746,360,0,0.006866455078125,0.00016307830810546875
0,3,276295497828,119,8,0.026153564453125,0.002635955810546875
0,3,9907040432,200,53,0.0156097412109375,0.0130157470703125
40512516353,3,260384711820,200,3,0.114501953125,0.011932373046875
116000727607,3,260384711820,200,3,0.114501953125,0.011932373046875
116009823022,3,260384711820,200,3,0.114501953125,0.011932373046875
120292809206,3,260384711820,200,3,0.114501953125,0.011932373046875
143460203483,3,260384711820,200,3,0.114501953125,0.011932373046875
490283794851,3,260384711820,200,3,0.114501953125,0.012451171875
564235889699,3,260384711820,200,3,0.114501953125,0.012451171875
0,3,260384711820,200,3,0.114501953125,0.008514404296875
0,3,9907050679,200,334,0.00116729736328125,0.00569915771484375
0,3,126709616363,200,882,0.0016117095947265625,0.002590179443359375
283204128667,3,6315539196,103,450,0.05987548828125,0.016937255859375
283211812847,3,6315539196,103,450,0.05987548828125,0.016937255859375
293092877874,3,6315539196,103,450,0.05987548828125,0.016937255859375
472947155854,3,6315539196,103,450,0.05987548828125,0.016937255859375
472958254804,3,6315539196,103,450,0.05987548828125,0.016937255859375
487492839899,3,6315539196,103,450,0.05987548828125,0.016937255859375
512948368300,3,6315539196,103,450,0.05987548828125,0.016937255859375
512956470939,3,6315539196,103,450,0.05987548828125,0.016937255859375
530692806886,3,6315539196,103,450,0.05987548828125,0.016937255859375
0,3,6315539196,103,450,0.05987548828125,0.016937255859375
44353526220,3,249784935978,200,122,0.114501953125,0.0670166015625
59931310708,3,249784935978,200,122,0.114501953125,0.0670166015625
137361968388,3,249784935978,200,122,0.114501953125,0.0643310546875
148590273870,3,249784935978,200,122,0.114501953125,0.0643310546875
499962054765,3,249784935978,200,122,0.114501953125,0.0670166015625
579558844604,3,249784935978,200,122,0.114501953125,0.0643310546875
0,3,249784935978,200,122,0.114501953125,0.0670166015625
494936719096,3,280899799940,360,0,0.00022029876708984375,0.00016307830810546875
495054657632,3,280899799940,360,0,0.00704193115234375,0.00016307830810546875
12292812522,3,9907099811,200,13,0.01141357421875,0.005706787109375
0,3,9907099811,200,13,0.01141357421875,0.005706787109375
0,3,9907099811,200,13,0.01141357421875,0.005706787109375
0,3,9907099811,200,13,0.01141357421875,0.005706787109375
0,3,9907099811,200,13,0.01141357421875,0.005706787109375
0,3,9907099811,200,13,0.01141357421875,0.005706787109375
0,3,9907099811,200,13,0.01141357421875,0.005706787109375
0,3,9907075218,200,12,0.020721435546875,0.001068115234375
150719902668,3,110141467526,200,138,0.017608642578125,0.0042877197265625
326775373289,3,110141467526,200,138,0.017608642578125,0.0042877197265625
326785059888,3,110141467526,200,138,0.017608642578125,0.0042877197265625
336292807316,3,110141467526,200,138,0.017608642578125,0.0042877197265625
575681030433,3,110141467526,200,138,0.017608642578125,0.0042877197265625
0,3,110141467526,200,138,0.017608642578125,0.0042877197265625
491357639070,3,6863457189,200,27,0.00440216064453125,0.00547027587890625
491366367691,3,6863457189,200,27,0.00440216064453125,0.00547027587890625
491898752638,3,6863457189,200,27,0.00440216064453125,0.00547027587890625
0,3,6863457189,200,27,0.00440216064453125,0.00547027587890625
388501252494,3,279931440093,360,0,0.00022029876708984375,0.00016307830810546875
388806277886,3,279931440093,360,0,0.00704193115234375,0.00016307830810546875
124209285495,3,79136489,200,343,0.02130126953125,0.00771331787109375
0,3,79136489,200,343,0.02130126953125,0.00771331787109375
0,3,5825789371,200,344,0.03082275390625,0.021392822265625
451329090334,3,113314122391,200,3,0.00440216064453125,0.006500244140625
451340025895,3,113314122391,200,3,0.00440216064453125,0.006500244140625
465892814323,3,113314122391,200,3,0.00440216064453125,0.006500244140625
0,3,113314122391,200,3,0.00440216064453125,0.006500244140625
0,3,9907054726,200,79,0.00507354736328125,0.00519561767578125
25697455896,3,110141467526,200,407,0.017608642578125,0.0042877197265625
32639060312,3,110141467526,200,407,0.017608642578125,0.0042877197265625
73874902490,3,110141467526,200,407,0.017608642578125,0.0042877197265625
152240568288,3,110141467526,200,407,0.017608642578125,0.0042877197265625
577257760870,3,110141467526,200,407,0.017608642578125,0.0042877197265625
0,3,110141467526,200,407,0.017608642578125,0.0042877197265625
0,3,190378441273,200,0,0.029937744140625,0.027862548828125
0,3,5825789371,200,309,0.03082275390625,0.021392822265625
0,3,9907093878,200,9,0.0101165771484375,0.00125885009765625
526097938907,3,11027259710,200,485,0.001918792724609375,0.003894805908203125
526107046091,3,11027259710,200,485,0.001918792724609375,0.003894805908203125
530692806887,3,11027259710,200,485,0.001918792724609375,0.003894805908203125
0,3,11027259710,200,485,0.001918792724609375,0.003894805908203125
245667809189,3,278326911222,119,17,0.02587890625,0.002635955810546875
122866782257,3,79136489,200,33,0.02130126953125,0.00771331787109375
169923329762,3,79136489,200,33,0.02130126953125,0.00771331787109375
169932728318,3,79136489,200,33,0.02130126953125,0.00771331787109375
185092932984,3,79136489,200,33,0.02130126953125,0.00771331787109375
0,3,79136489,200,33,0.02130126953125,0.00771331787109375
0,3,126709616363,200,894,0.0016117095947265625,0.002590179443359375
0,3,2336581092,200,232,0.05987548828125,0.0234375
152289348011,3,110141467526,200,431,0.017608642578125,0.0042877197265625
577524311104,3,110141467526,200,431,0.017608642578125,0.0042877197265625
0,3,110141467526,200,431,0.017608642578125,0.0042877197265625
99911334743,3,276792363193,360,0,0.00022029876708984375,0.00016307830810546875
431335685082,3,280290114246,360,0,0.00022029876708984375,0.00016307830810546875
431612257056,3,280290114246,360,0,0.00704193115234375,0.00016307830810546875
44679531495,3,221049983013,200,51,0.114501953125,0.0616455078125
148039517745,3,221049983013,200,51,0.114501953125,0.0616455078125
148892042866,3,221049983013,200,51,0.114501953125,0.0616455078125
261347266056,3,221049983013,200,51,0.114501953125,0.0616455078125
261356638797,3,221049983013,200,51,0.114501953125,0.0616455078125
266195280929,3,221049983013,200,51,0.114501953125,0.0616455078125
500552933224,3,221049983013,200,51,0.114501953125,0.0616455078125
569865320861,3,221049983013,200,51,0.114501953125,0.0616455078125
0,3,221049983013,200,51,0.114501953125,0.0616455078125
48671368585,3,5874337791,200,219,0.114501953125,0.03125
164159107960,3,5874337791,200,219,0.114501953125,0.03125
500345960131,3,5874337791,200,219,0.114501953125,0.03125
0,3,5874337791,200,219,0.114501953125,0.03125
0,3,5825789371,200,42,0.03082275390625,0.021392822265625
124962602089,3,79136489,200,517,0.02130126953125,0.00771331787109375
0,3,79136489,200,517,0.02130126953125,0.00771331787109375
0,3,9907127931,200,47,0.002582550048828125,0.0018939971923828125
458096943729,3,280506819827,360,0,0.00022029876708984375,0.00016307830810546875
458259337508,3,280506819827,360,0,0.006866455078125,0.00016307830810546875
461886964634,3,280506819827,360,0,0.00704193115234375,0.00016307830810546875
572973269214,3,6928730916,200,77,0.229248046875,0.03424072265625
572982084257,3,6928730916,200,77,0.229248046875,0.03424072265625
573892813709,3,6928730916,200,77,0.229248046875,0.03424072265625
0,3,6928730916,200,77,0.229248046875,0.03424072265625
438457449861,3,2336581092,200,233,0.05987548828125,0.0234375
438467103950,3,2336581092,200,233,0.05987548828125,0.0234375
444292800136,3,2336581092,200,233,0.05987548828125,0.0234375
0,3,2336581092,200,233,0.05987548828125,0.0234375
0,3,9907093878,200,2,0.0101165771484375,0.00125885009765625
0,3,5825789371,200,138,0.03082275390625,0.021392822265625
434119509521,3,2336581092,200,229,0.05987548828125,0.0234375
434126162460,3,2336581092,200,229,0.05987548828125,0.0234375
444292800136,3,2336581092,200,229,0.05987548828125,0.0234375
0,3,2336581092,200,229,0.05987548828125,0.0234375
29241466293,3,9907050679,200,743,0.00116729736328125,0.00569915771484375
29250262213,3,9907050679,200,743,0.00116729736328125,0.00569915771484375
33894475757,3,9907050679,200,743,0.00116729736328125,0.00569915771484375
0,3,9907050679,200,743,0.00116729736328125,0.00569915771484375
0,3,11027259710,200,903,0.001918792724609375,0.003894805908203125
188944698763,3,277538669880,119,14,0.02587890625,0.002635955810546875
421032375193,3,1976875595,200,78,0.04400634765625,0.00640869140625
421041431423,3,1976875595,200,78,0.04400634765625,0.00640869140625
422692810281,3,1976875595,200,78,0.04400634765625,0.00640869140625
0,3,1976875595,200,78,0.04400634765625,0.00640869140625
367075660047,3,279575988536,200,0,0.0005283355712890625,0.0011768341064453125
262715498695,3,9907075218,200,189,0.020721435546875,0.001068115234375
262722401176,3,9907075218,200,189,0.020721435546875,0.001068115234375
271492801483,3,9907075218,200,189,0.020721435546875,0.001068115234375
569306842253,3,9907075218,200,189,0.020721435546875,0.001068115234375
569316199152,3,9907075218,200,189,0.020721435546875,0.001068115234375
573892813710,3,9907075218,200,189,0.020721435546875,0.001068115234375
0,3,9907075218,200,189,0.020721435546875,0.001068115234375
151236304621,3,110141467526,200,261,0.017608642578125,0.0042877197265625
446846241093,3,110141467526,200,261,0.017608642578125,0.0042877197265625
446856153891,3,110141467526,200,261,0.017608642578125,0.0042877197265625
465892814323,3,110141467526,200,261,0.017608642578125,0.0042877197265625
576375312399,3,110141467526,200,261,0.017608642578125,0.0042877197265625
0,3,110141467526,200,261,0.017608642578125,0.0042877197265625
0,3,126709616363,200,781,0.0016117095947265625,0.002590179443359375
475134715378,3,126709616363,200,42,0.0016117095947265625,0.002590179443359375
475147737145,3,126709616363,200,42,0.0016117095947265625,0.002590179443359375
487492839899,3,126709616363,200,42,0.0016117095947265625,0.002590179443359375
587222225805,3,126709616363,200,42,0.0038604736328125,0.002590179443359375
0,3,126709616363,200,42,0.0016117095947265625,0.002590179443359375
578973754859,3,9907081267,200,5,0.03143310546875,0.002590179443359375
579019668040,3,9907081267,200,5,0.03143310546875,0.002590179443359375
0,3,9907081267,200,5,0.03143310546875,0.002590179443359375
314692027526,3,279173300099,360,0,0.00022029876708984375,0.00016307830810546875
255085304723,3,6315539196,103,247,0.05987548828125,0.016937255859375
255092048547,3,6315539196,103,247,0.05987548828125,0.016937255859375
271492801483,3,6315539196,103,247,0.05987548828125,0.016937255859375
287421424230,3,6315539196,103,247,0.05987548828125,0.016937255859375
287429171518,3,6315539196,103,247,0.05987548828125,0.016937255859375
293092877874,3,6315539196,103,247,0.05987548828125,0.016937255859375
0,3,6315539196,103,247,0.05987548828125,0.016937255859375
38648581813,3,273953075634,200,0,0.0572509765625,0.0643310546875
141987042434,3,273953075634,200,0,0.0572509765625,0.0670166015625
491956080245,3,273953075634,200,0,0.0572509765625,0.0670166015625
563934629609,3,273953075634,200,0,0.0572509765625,0.0670166015625
584458631569,3,273953075634,200,0,0.0572509765625,0.0670166015625
584468843839,3,273953075634,200,0,0.0572509765625,0.0670166015625
585590193946,3,273953075634,200,0,0.0572509765625,0.0670166015625
0,3,273953075634,200,0,0.0572509765625,0.0643310546875
188733770317,3,9907127672,200,53,0.008026123046875,0.002590179443359375
0,3,9907127672,200,53,0.008026123046875,0.002590179443359375
0,3,9907050679,200,280,0.00116729736328125,0.00569915771484375
123129417247,3,79136489,200,122,0.02130126953125,0.00771331787109375
0,3,79136489,200,122,0.02130126953125,0.00771331787109375
0,3,6928730916,200,17,0.229248046875,0.03424072265625
510843885690,3,10990102952,200,232,0.0007085800170898438,0.00125885009765625
510851640109,3,10990102952,200,232,0.0007085800170898438,0.00125885009765625
530692806886,3,10990102952,200,232,0.0007085800170898438,0.00125885009765625
0,3,10990102952,200,232,0.0007085800170898438,0.00125885009765625
190803546730,3,277568180797,360,0,0.00022029876708984375,0.00016307830810546875
193445483010,3,277568180797,360,0,0.006866455078125,0.00016307830810546875
193455060129,3,277568180797,360,0,0.006866455078125,0.00016307830810546875
194477408454,3,277568180797,360,0,0.006866455078125,0.00016307830810546875
0,3,11027259710,200,761,0.001918792724609375,0.003894805908203125
0,3,11027259710,200,761,0.001918792724609375,0.003894805908203125
0,3,11027259710,200,761,0.001918792724609375,0.003894805908203125
0,3,11027259710,200,761,0.001918792724609375,0.003894805908203125
0,3,11027259710,200,761,0.001918792724609375,0.003894805908203125
0,3,11027259633,200,7,0.04071044921875,0.004547119140625
559157642159,3,281272423604,360,0,0.00022029876708984375,0.00016307830810546875
559403445356,3,281272423604,360,0,0.00704193115234375,0.00016307830810546875
77092807256,3,110141467526,200,245,0.017608642578125,0.0042877197265625
77287040800,3,110141467526,200,245,0.017608642578125,0.0042877197265625
151201697356,3,110141467526,200,245,0.017608642578125,0.0042877197265625
523233885701,3,110141467526,200,245,0.017608642578125,0.0042877197265625
523243405828,3,110141467526,200,245,0.017608642578125,0.0042877197265625
530692806887,3,110141467526,200,245,0.017608642578125,0.0042877197265625
576243937691,3,110141467526,200,245,0.017608642578125,0.0042877197265625
0,3,110141467526,200,245,0.017608642578125,0.0042877197265625
0,3,110141467526,200,245,0.017608642578125,0.0042877197265625
0,3,110141467526,200,245,0.017608642578125,0.0042877197265625
0,3,110141467526,200,245,0.017608642578125,0.0042877197265625
0,3,110141467526,200,245,0.017608642578125,0.0042877197265625
144834333658,3,110128232045,200,19,0.017608642578125,0.0042877197265625
245338357354,3,110128232045,200,19,0.017608642578125,0.0042877197265625
245348291240,3,110128232045,200,19,0.017608642578125,0.0042877197265625
249892803139,3,110128232045,200,19,0.017608642578125,0.0042877197265625
576048985953,3,110128232045,200,19,0.017608642578125,0.0042877197265625
576057154200,3,110128232045,200,19,0.017608642578125,0.0042877197265625
582788681818,3,110128232045,200,19,0.017608642578125,0.0042877197265625
584758363411,3,110128232045,200,19,0.017608642578125,0.0042877197265625
0,3,110128232045,200,19,0.017608642578125,0.0042877197265625
127146519880,3,277128903791,200,0,0.02642822265625,0.00623321533203125
527750517840,3,2336581092,200,4,0.05987548828125,0.0234375
527759087699,3,2336581092,200,4,0.05987548828125,0.0234375
530692806887,3,2336581092,200,4,0.05987548828125,0.0234375
0,3,2336581092,200,4,0.05987548828125,0.0234375
106170568257,3,9907040432,200,167,0.0156097412109375,0.0130157470703125
106182832092,3,9907040432,200,167,0.0156097412109375,0.0130157470703125
120292809205,3,9907040432,200,167,0.0156097412109375,0.0130157470703125
0,3,9907040432,200,167,0.0156097412109375,0.0130157470703125
80095799536,3,276743625448,360,0,0.00022029876708984375,0.00016307830810546875
80772485130,3,276743625448,360,0,0.006866455078125,0.00016307830810546875
70192098541,3,276703368935,360,0,0.00022029876708984375,0.00016307830810546875
70526785662,3,276703368935,360,0,0.006866455078125,0.00016307830810546875
405981638653,3,9907050679,200,703,0.00116729736328125,0.00569915771484375
405988612946,3,9907050679,200,703,0.00116729736328125,0.00569915771484375
422692810281,3,9907050679,200,703,0.00116729736328125,0.00569915771484375
578080164570,3,9907050679,200,703,0.00116729736328125,0.00569915771484375
578086290443,3,9907050679,200,703,0.00116729736328125,0.00569915771484375
595492822468,3,9907050679,200,703,0.00116729736328125,0.00569915771484375
0,3,9907050679,200,703,0.00116729736328125,0.00569915771484375
41485932748,3,249784935978,200,63,0.114501953125,0.0670166015625
57634241037,3,249784935978,200,63,0.114501953125,0.0670166015625
134076062134,3,249784935978,200,63,0.114501953125,0.0643310546875
145318423296,3,249784935978,200,63,0.114501953125,0.0643310546875
497046866858,3,249784935978,200,63,0.114501953125,0.0670166015625
498026736139,3,249784935978,200,63,0.114501953125,0.0670166015625
576765737100,3,249784935978,200,63,0.114501953125,0.0670166015625
0,3,249784935978,200,63,0.114501953125,0.0670166015625
41362556332,3,248938956221,200,0,0.0572509765625,0.0147247314453125
143937882133,3,248938956221,200,0,0.0572509765625,0.0147247314453125
177464496966,3,248938956221,200,0,0.0572509765625,0.0147247314453125
177473050582,3,248938956221,200,0,0.0572509765625,0.0147247314453125
177594958401,3,248938956221,200,0,0.0572509765625,0.0147247314453125
490491286974,3,248938956221,200,0,0.0572509765625,0.0078277587890625
565390594452,3,248938956221,200,0,0.0572509765625,0.011932373046875
0,3,248938956221,200,0,0.0572509765625,0.0147247314453125
0,3,11027259710,200,532,0.001918792724609375,0.003894805908203125
39894592020,3,246668429830,200,2,0.0572509765625,0.0147247314453125
143259271387,3,246668429830,200,2,0.0572509765625,0.0147247314453125
491887790303,3,246668429830,200,2,0.0572509765625,0.012451171875
565253656712,3,246668429830,200,2,0.0572509765625,0.0129852294921875
0,3,246668429830,200,2,0.0572509765625,0.0147247314453125
0,3,126709616363,200,167,0.0016117095947265625,0.002590179443359375
315673554115,3,9907127931,200,235,0.002582550048828125,0.0018939971923828125
315681256770,3,9907127931,200,235,0.002582550048828125,0.0018939971923828125
336292807315,3,9907127931,200,235,0.002582550048828125,0.0018939971923828125
0,3,9907127931,200,235,0.002582550048828125,0.0018939971923828125
50832942705,3,17953630694,200,8,0.13916015625,0.03302001953125
0,3,17953630694,200,8,0.13916015625,0.03302001953125
0,3,9907075218,200,6,0.020721435546875,0.001068115234375
0,3,11027259710,200,466,0.001918792724609375,0.003894805908203125
133474191677,3,277163253283,119,0,0.023590087890625,0.002635955810546875
145004504822,3,277163253283,119,0,0.023590087890625,0.002635955810546875
145015165342,3,277163253283,119,0,0.023590087890625,0.002635955810546875
145245539948,3,277163253283,119,0,0.023590087890625,0.002635955810546875
152034500756,3,110141467526,200,365,0.017608642578125,0.0042877197265625
577020818420,3,110141467526,200,365,0.017608642578125,0.0042877197265625
0,3,110141467526,200,365,0.017608642578125,0.0042877197265625
41111029954,3,261051063549,200,1,0.0572509765625,0.0141143798828125
74935180118,3,261051063549,200,1,0.0572509765625,0.0141143798828125
74944275645,3,261051063549,200,1,0.0572509765625,0.0141143798828125
77092807255,3,261051063549,200,1,0.0572509765625,0.0141143798828125
142712972500,3,261051063549,200,1,0.0572509765625,0.0141143798828125
489896154933,3,261051063549,200,1,0.0572509765625,0.012451171875
564525090594,3,261051063549,200,1,0.0572509765625,0.0141143798828125
0,3,261051063549,200,1,0.0572509765625,0.0141143798828125
0,3,10990102952,200,214,0.0007085800170898438,0.00125885009765625
460015505244,3,9907127931,200,17,0.002582550048828125,0.0018939971923828125
460015505357,3,9907127931,200,17,0.002582550048828125,0.0018939971923828125
465892814322,3,9907127931,200,17,0.002582550048828125,0.0018939971923828125
0,3,9907127931,200,17,0.002582550048828125,0.0018939971923828125
39359546934,3,261383522801,200,2,0.0880126953125,0.011932373046875
142690563922,3,261383522801,200,2,0.0880126953125,0.011444091796875
408778245663,3,261383522801,200,2,0.0880126953125,0.011932373046875
408787882824,3,261383522801,200,2,0.0880126953125,0.011932373046875
415095580591,3,261383522801,200,2,0.0880126953125,0.011932373046875
477822226718,3,261383522801,200,2,0.0616455078125,0.011932373046875
491501549188,3,261383522801,200,2,0.0616455078125,0.011932373046875
565023712359,3,261383522801,200,2,0.0616455078125,0.011932373046875
0,3,261383522801,200,2,0.0880126953125,0.011932373046875
41759098873,3,276522661225,200,0,0.114501953125,0.03643798828125
123058229338,3,276522661225,200,0,0.114501953125,0.0153656005859375
267534224987,3,9907127672,200,182,0.008026123046875,0.002590179443359375
0,3,9907127672,200,182,0.008026123046875,0.002590179443359375
211505437841,3,277938307046,360,0,0.00022029876708984375,0.00016307830810546875
537309606580,3,281133968236,360,0,0.00022029876708984375,0.00016307830810546875
537367515882,3,281133968236,360,0,0.00704193115234375,0.00016307830810546875
0,3,9907050679,200,753,0.00116729736328125,0.00569915771484375
164141566195,3,277409846899,360,0,0.00022029876708984375,0.00016307830810546875
0,3,11027259710,200,829,0.001918792724609375,0.003894805908203125
0,3,5825789371,200,139,0.03082275390625,0.021392822265625
53590704044,3,233117533324,200,0,0.00759124755859375,0.0013027191162109375
378581923288,3,233117533324,200,0,0.00759124755859375,0.0013027191162109375
492587816242,3,233117533324,200,0,0.00759124755859375,0.0013027191162109375
492597724782,3,233117533324,200,0,0.00759124755859375,0.0013027191162109375
509092802557,3,233117533324,200,0,0.00759124755859375,0.0013027191162109375
584066667547,3,233117533324,200,0,0.00759124755859375,0.0013027191162109375
584077257463,3,233117533324,200,0,0.00759124755859375,0.0013027191162109375
595492822467,3,233117533324,200,0,0.00759124755859375,0.0013027191162109375
0,3,233117533324,200,0,0.00759124755859375,0.0013027191162109375
425079441216,3,280266230635,119,19,0.02587890625,0.002605438232421875
364794569856,3,279548629830,119,13,0.02587890625,0.002605438232421875
431351469121,3,260491331078,103,52,0.09716796875,0.002716064453125
431359868322,3,260491331078,103,52,0.09716796875,0.002716064453125
444292800137,3,260491331078,103,52,0.09716796875,0.002716064453125
0,3,260491331078,103,52,0.09716796875,0.003757476806640625
0,3,260491325021,103,118,0.09716796875,0.003795623779296875
574242585507,3,281363978395,103,227,0.09716796875,0.0104217529296875
574289777549,3,281363978395,103,227,0.09716796875,0.0104217529296875
574911591918,3,281363978395,103,227,0.09716796875,0.0104217529296875
575399316319,3,281363978395,103,227,0.09716796875,0.0104217529296875
281558514233,3,260491323546,103,307,0.09716796875,0.003101348876953125
513739886516,3,260491323546,103,307,0.09716796875,0.003101348876953125
513739886753,3,260491323546,103,307,0.09716796875,0.003101348876953125
530692806887,3,260491323546,103,307,0.09716796875,0.003101348876953125
0,3,260491323546,103,307,0.09716796875,0.003101348876953125
58351146673,3,276632152458,103,119,0.09716796875,0.0104217529296875
194808086767,3,276632152458,103,119,0.09716796875,0.00635528564453125
0,3,260491325021,103,390,0.09716796875,0.003795623779296875
581942816912,3,281422416123,103,164,0.09716796875,0.0104217529296875
64274651050,3,276661304224,103,73,0.09716796875,0.0104217529296875
240354783723,3,276661304224,103,73,0.09716796875,0.0068817138671875
343641364821,3,260491317125,103,178,0.09716796875,0.002773284912109375
343649510753,3,260491317125,103,178,0.09716796875,0.002773284912109375
357892800610,3,260491317125,103,178,0.09716796875,0.002773284912109375
0,3,260491317125,103,178,0.09716796875,0.002773284912109375
581942817356,3,281422416123,103,335,0.09716796875,0.0104217529296875
574242586017,3,281363978395,103,376,0.09716796875,0.0104217529296875
574414343376,3,281363978395,103,376,0.09716796875,0.0104217529296875
574911592083,3,281363978395,103,376,0.09716796875,0.0104217529296875
575399316437,3,281363978395,103,376,0.09716796875,0.0104217529296875
240334468610,3,260491317125,103,199,0.09716796875,0.002773284912109375
240340822915,3,260491317125,103,199,0.09716796875,0.002773284912109375
249892803140,3,260491317125,103,199,0.09716796875,0.002773284912109375
0,3,260491317125,103,199,0.09716796875,0.002773284912109375
579559932623,3,281418651778,115,14,0.048583984375,0.00229644775390625
64274651675,3,276661304224,103,297,0.09716796875,0.0104217529296875
247874249002,3,276661304224,103,297,0.09716796875,0.0068817138671875
579501511627,3,281418651160,103,352,0.09716796875,0.0061492919921875
0,3,260491325475,103,95,0.09716796875,0.003376007080078125
64274650987,3,276661304224,103,46,0.09716796875,0.0104217529296875
146117577266,3,260491327099,103,83,0.09716796875,0.00311279296875
